model_name,hard_accuracy,soft_accuracy
Llama-3.2-3B-Instruct,0.36909288430200976,0.5850081477457904
Llama-3.2-3B-Instruct (English),0.6343384949741918,0.9103504482477588
Qwen2.5-7B-Instruct,0.5395703018765298,0.817514277943976
Qwen2.5-7B-Instruct (English),0.6512764801738186,0.9532862574687669
aya-expanse-8b,0.6303639326453014,0.9701249321021184
aya-expanse-8b (English),0.6485605649103748,0.9856056491037479
gemma-2-9b-it,0.6868549701249321,0.9293862031504617
gemma-2-9b-it (English),0.6944595328625747,0.9657794676806084
